,,,,,,
,,,,,,
,online,10/07/2026,16:00,"QFF opening, Intro to Quantum Information",Riza,Speaker
,,,,,M. Fiqi,Speaker
,,,,,Irwan,Moderator
,online,10/12/2026,16:00,Foundation of Quantum Circuit,Riza,Speaker
,,,,,M. Fiqi,Moderator
,,,,,,
,hybrid,10/14/2026,10:00,Opening Ceremony and Launch ITS Quantum Hub,Wakil Rektor ITS,
,,,,,Prof. Khoirul Anwar,
,,,,,,
,online,10/26/2026,16:00,Quantum Algorithm,?,Speaker
,,,,,,
,online,10/28/2026,20:00,Introduction to qiskit,IBM Quantum ,Speaker
,,,,,Riza,Moderator
,,,,,,
,online,11/04/2026,16:00,Quantum Mechanics,Brin/Fisika/Cakrawala Univ,Speaker
,,,,,M. Taufiqi,Moderator
,,,,,,
,online,11/11/2026,16:00,Quantum Teleportation,M. Taufiqi,
,,,,,,
,online,11/18/2026,16:00,Quantum AI,riza/tentative/brin,
,,,,,Irwan,
,online,11/19/2026,16:00,Hackathon Briefing,Riza ,
,,,,,,
,hybrid,11/26/2026,10:00,Hackathon Winner Announcement,IKA ITS,